iter	Passed	Remaining
0	107	1074185
1	144	724064
2	180	602455
3	201	503031
4	217	433843
5	231	385188
6	246	351335
7	259	324674
8	273	303207
9	286	286484
10	301	273373
11	314	262038
12	328	252178
13	341	243670
14	355	236730
15	370	231478
16	387	227552
17	403	223959
18	419	220466
19	437	218156
20	453	215561
21	467	212098
22	481	208751
23	494	205536
24	507	202643
25	521	200134
26	536	198130
27	550	196052
28	564	194028
29	578	192412
30	593	190770
31	606	188930
32	620	187273
33	633	185609
34	647	184414
35	661	183019
36	676	182182
37	691	181261
38	705	180316
39	719	179166
40	733	178095
41	746	177028
42	763	176711
43	778	176094
44	793	175494
45	807	174652
46	821	173955
47	835	173164
48	848	172316
49	861	171492
50	875	170828
51	889	170123
52	902	169470
53	916	168865
54	933	168764
55	948	168367
56	961	167762
57	975	167134
58	989	166653
59	1002	166033
60	1016	165542
61	1029	165040
62	1044	164755
63	1058	164403
64	1072	163895
65	1085	163453
66	1100	163192
67	1114	162820
68	1127	162322
69	1141	161881
70	1155	161606
71	1169	161239
72	1182	160845
73	1196	160441
74	1210	160169
75	1224	159895
76	1238	159620
77	1258	160043
78	1273	159866
79	1286	159573
80	1300	159218
81	1313	158857
82	1327	158668
83	1341	158413
84	1356	158218
85	1369	157859
86	1383	157657
87	1397	157380
88	1410	157094
89	1425	156985
90	1439	156778
91	1453	156522
92	1466	156251
93	1480	155973
94	1494	155784
95	1507	155543
96	1521	155305
97	1534	155030
98	1550	155071
99	1564	154888
100	1577	154644
101	1590	154377
102	1605	154272
103	1619	154059
104	1632	153826
105	1646	153637
106	1660	153561
107	1674	153354
108	1687	153145
109	1706	153417
110	1720	153277
111	1733	153070
112	1747	152858
113	1761	152781
114	1775	152642
115	1789	152441
116	1802	152281
117	1818	152283
118	1834	152326
119	1852	152488
120	1866	152368
121	1879	152198
122	1893	152084
123	1907	151913
124	1921	151772
125	1934	151618
126	1950	151635
127	1963	151455
128	1977	151333
129	1990	151155
130	2005	151067
131	2018	150926
132	2036	151076
133	2050	150945
134	2063	150821
135	2077	150659
136	2090	150485
137	2108	150646
138	2122	150603
139	2136	150444
140	2149	150293
141	2162	150142
142	2177	150106
143	2190	149961
144	2206	149952
145	2219	149829
146	2234	149777
147	2247	149636
148	2265	149774
149	2279	149690
150	2293	149573
151	2306	149455
152	2320	149320
153	2333	149197
154	2347	149106
155	2361	148986
156	2374	148866
157	2388	148752
158	2402	148696
159	2415	148554
160	2428	148434
161	2441	148294
162	2456	148231
163	2470	148190
164	2484	148088
165	2497	147961
166	2511	147869
167	2524	147765
168	2538	147653
169	2552	147572
170	2566	147493
171	2579	147401
172	2594	147366
173	2607	147241
174	2621	147160
175	2635	147084
176	2648	146969
177	2662	146908
178	2676	146838
179	2689	146727
180	2702	146618
181	2715	146512
182	2730	146481
183	2743	146386
184	2757	146283
185	2770	146194
186	2785	146154
187	2801	146204
188	2814	146102
189	2827	146007
190	2841	145945
191	2855	145873
192	2868	145777
193	2882	145674
194	2897	145669
195	2912	145663
196	2925	145575
197	2938	145484
198	2951	145382
199	2966	145341
200	2979	145239
201	2993	145209
202	3007	145144
203	3024	145247
204	3039	145216
205	3052	145121
206	3066	145059
207	3080	145013
208	3093	144921
209	3107	144874
210	3121	144817
211	3135	144761
212	3148	144679
213	3161	144593
214	3175	144517
215	3189	144477
216	3202	144395
217	3216	144318
218	3231	144304
219	3244	144242
220	3258	144170
221	3271	144082
222	3284	144007
223	3299	143980
224	3312	143916
225	3326	143848
226	3341	143847
227	3356	143840
228	3370	143813
229	3384	143770
230	3398	143735
231	3413	143718
232	3427	143658
233	3441	143613
234	3454	143563
235	3469	143534
236	3483	143480
237	3497	143436
238	3510	143369
239	3524	143332
240	3538	143305
241	3553	143288
242	3568	143281
243	3582	143246
244	3596	143197
245	3609	143136
246	3623	143078
247	3637	143054
248	3651	142990
249	3664	142933
250	3679	142916
251	3694	142921
252	3712	143032
253	3726	143000
254	3741	142966
255	3754	142918
256	3771	142982
257	3787	142996
258	3800	142943
259	3814	142896
260	3829	142876
261	3842	142826
262	3857	142813
263	3871	142764
264	3885	142739
265	3899	142697
266	3912	142638
267	3927	142611
268	3941	142578
269	3956	142590
270	3971	142569
271	3984	142516
272	3999	142487
273	4015	142546
274	4030	142518
275	4043	142475
276	4058	142470
277	4072	142430
278	4086	142372
279	4100	142332
280	4114	142309
281	4128	142264
282	4142	142224
283	4155	142174
284	4174	142298
285	4188	142278
286	4202	142226
287	4216	142184
288	4231	142173
289	4244	142130
290	4258	142086
291	4273	142079
292	4288	142069
293	4304	142102
294	4318	142067
295	4332	142024
296	4345	141980
297	4359	141935
298	4373	141901
299	4387	141855
300	4402	141850
301	4416	141840
302	4433	141877
303	4447	141841
304	4461	141825
305	4475	141794
306	4489	141746
307	4503	141707
308	4517	141679
309	4531	141636
310	4544	141595
311	4559	141564
312	4573	141531
313	4587	141498
314	4601	141465
315	4615	141434
316	4628	141396
317	4642	141357
318	4656	141308
319	4669	141266
320	4684	141252
321	4698	141207
322	4712	141185
323	4725	141136
324	4741	141136
325	4754	141101
326	4768	141062
327	4782	141019
328	4796	140994
329	4810	140961
330	4823	140915
331	4839	140918
332	4853	140911
333	4868	140887
334	4882	140861
335	4896	140834
336	4910	140802
337	4924	140776
338	4938	140734
339	4952	140710
340	4966	140678
341	4980	140639
342	4993	140595
343	5007	140572
344	5022	140549
345	5035	140506
346	5049	140467
347	5063	140429
348	5077	140401
349	5091	140374
350	5104	140332
351	5119	140321
352	5134	140324
353	5149	140314
354	5164	140303
355	5178	140291
356	5193	140286
357	5207	140252
358	5221	140222
359	5235	140182
360	5250	140188
361	5263	140143
362	5277	140101
363	5291	140082
364	5307	140091
365	5321	140068
366	5335	140036
367	5349	140027
368	5364	140023
369	5378	139982
370	5393	139972
371	5406	139925
372	5420	139912
373	5434	139883
374	5448	139845
375	5462	139822
376	5477	139814
377	5491	139794
378	5505	139754
379	5519	139721
380	5533	139704
381	5547	139671
382	5561	139637
383	5574	139602
384	5589	139590
385	5603	139563
386	5617	139539
387	5631	139508
388	5646	139506
389	5660	139469
390	5673	139436
391	5687	139398
392	5701	139376
393	5715	139343
394	5729	139320
395	5743	139284
396	5757	139266
397	5770	139225
398	5784	139198
399	5798	139169
400	5812	139146
401	5826	139116
402	5840	139086
403	5855	139080
404	5869	139052
405	5883	139024
406	5896	138987
407	5910	138953
408	5924	138934
409	5938	138902
410	5952	138871
411	5965	138839
412	5980	138822
413	5995	138821
414	6009	138801
415	6023	138765
416	6037	138745
417	6051	138726
418	6065	138704
419	6080	138687
420	6094	138668
421	6108	138646
422	6122	138615
423	6136	138585
424	6151	138581
425	6164	138550
426	6178	138518
427	6192	138490
428	6206	138473
429	6220	138449
430	6235	138439
431	6249	138419
432	6264	138409
433	6278	138387
434	6292	138356
435	6305	138323
436	6320	138323
437	6334	138286
438	6348	138258
439	6362	138231
440	6377	138226
441	6391	138210
442	6404	138176
443	6418	138144
444	6434	138161
445	6453	138238
446	6467	138219
447	6481	138200
448	6495	138180
449	6511	138186
450	6524	138145
451	6537	138105
452	6551	138081
453	6565	138052
454	6579	138027
455	6594	138015
456	6608	137998
457	6622	137966
458	6635	137931
459	6649	137904
460	6664	137900
461	6678	137870
462	6692	137845
463	6705	137816
464	6719	137795
465	6733	137766
466	6749	137782
467	6763	137759
468	6778	137760
469	6793	137741
470	6807	137719
471	6821	137710
472	6836	137702
473	6850	137676
474	6864	137644
475	6877	137615
476	6892	137599
477	6906	137588
478	6920	137559
479	6934	137530
480	6948	137516
481	6962	137482
482	6976	137459
483	6990	137433
484	7005	137435
485	7018	137404
486	7033	137389
487	7047	137368
488	7061	137350
489	7075	137323
490	7089	137296
491	7103	137270
492	7117	137254
493	7131	137226
494	7144	137197
495	7159	137180
496	7173	137163
497	7188	137152
498	7202	137127
499	7215	137103
500	7230	137096
501	7244	137075
502	7258	137050
503	7272	137027
504	7287	137011
505	7300	136980
506	7314	136955
507	7329	136944
508	7342	136919
509	7356	136888
510	7370	136873
511	7384	136848
512	7401	136870
513	7423	136996
514	7440	137034
515	7457	137076
516	7474	137092
517	7489	137097
518	7504	137081
519	7518	137066
520	7532	137049
521	7546	137022
522	7560	137004
523	7575	136989
524	7588	136962
525	7602	136940
526	7617	136931
527	7632	136916
528	7646	136897
529	7662	136910
530	7676	136894
531	7690	136875
532	7705	136864
533	7719	136846
534	7733	136818
535	7748	136808
536	7761	136780
537	7776	136761
538	7789	136729
539	7803	136709
540	7817	136688
541	7831	136655
542	7845	136633
543	7859	136613
544	7873	136590
545	7886	136561
546	7901	136542
547	7915	136525
548	7929	136512
549	7943	136488
550	7957	136459
551	7971	136446
552	7986	136429
553	8000	136409
554	8013	136379
555	8030	136396
556	8044	136378
557	8059	136372
558	8073	136355
559	8088	136351
560	8102	136326
561	8118	136335
562	8133	136332
563	8149	136348
564	8164	136336
565	8179	136336
566	8193	136320
567	8208	136306
568	8222	136279
569	8240	136323
570	8254	136303
571	8268	136283
572	8283	136278
573	8298	136270
574	8312	136247
575	8329	136277
576	8344	136269
577	8358	136247
578	8377	136310
579	8391	136291
580	8405	136272
581	8423	136302
582	8448	136473
583	8469	136553
584	8483	136535
585	8498	136531
586	8512	136508
587	8527	136503
588	8544	136521
589	8558	136495
590	8572	136480
591	8586	136463
592	8601	136444
593	8614	136417
594	8632	136458
595	8696	137215
596	8741	137676
597	8766	137827
598	8789	137942
599	8819	138166
600	8839	138233
601	8856	138268
602	8875	138308
603	8897	138405
604	8913	138414
605	8933	138485
606	8959	138644
607	8977	138677
608	8997	138751
609	9012	138730
610	9029	138745
611	9045	138754
612	9065	138817
613	9083	138849
614	9107	138985
615	9127	139046
616	9146	139100
617	9166	139152
618	9185	139211
619	9202	139224
620	9218	139231
621	9239	139298
622	9261	139404
623	9290	139589
624	9319	139789
625	9338	139842
626	9366	140018
627	9389	140118
628	9405	140124
629	9422	140136
630	9438	140139
631	9452	140114
632	9467	140091
633	9481	140063
634	9495	140036
635	9508	139999
636	9522	139967
637	9536	139938
638	9550	139910
639	9569	139951
640	9586	139966
641	9604	139999
642	9622	140024
643	9639	140048
644	9657	140064
645	9675	140098
646	9694	140136
647	9713	140181
648	9732	140228
649	9752	140279
650	9772	140347
651	9797	140465
652	9817	140527
653	9837	140577
654	9857	140632
655	9875	140671
656	9892	140672
657	9910	140709
658	9931	140776
659	9951	140830
660	9972	140891
661	9992	140951
662	10011	140995
663	10029	141014
664	10045	141010
665	10060	140995
666	10075	140988
667	10091	140973
668	10105	140950
669	10119	140923
670	10133	140887
671	10149	140879
672	10163	140857
673	10178	140833
674	10192	140801
675	10207	140794
676	10221	140755
677	10235	140724
678	10248	140690
679	10262	140658
680	10277	140636
681	10291	140609
682	10305	140579
683	10319	140546
684	10334	140530
685	10348	140500
686	10362	140477
687	10376	140449
688	10395	140481
689	10416	140549
690	10434	140565
691	10451	140576
692	10470	140612
693	10488	140638
694	10507	140683
695	10523	140675
696	10538	140654
697	10551	140620
698	10566	140596
699	10579	140561
700	10597	140582
701	10618	140643
702	10632	140618
703	10647	140590
704	10663	140593
705	10677	140567
706	10692	140539
707	10710	140565
708	10725	140546
709	10740	140528
710	10754	140500
711	10767	140466
712	10781	140433
713	10796	140418
714	10811	140400
715	10826	140375
716	10840	140351
717	10855	140329
718	10869	140309
719	10883	140279
720	10897	140250
721	10911	140212
722	10925	140191
723	10939	140162
724	10953	140129
725	10966	140091
726	10982	140083
727	10998	140076
728	11013	140061
729	11028	140042
730	11042	140019
731	11056	139985
732	11070	139961
733	11085	139938
734	11101	139934
735	11114	139901
736	11128	139870
737	11142	139842
738	11157	139823
739	11171	139798
740	11185	139763
741	11200	139749
742	11214	139715
743	11227	139685
744	11241	139657
745	11256	139640
746	11270	139609
747	11284	139582
748	11298	139550
749	11314	139545
750	11328	139513
751	11342	139486
752	11356	139464
753	11371	139444
754	11385	139414
755	11401	139409
756	11416	139391
757	11430	139372
758	11444	139343
759	11458	139309
760	11471	139274
761	11486	139254
762	11501	139239
763	11517	139236
764	11531	139208
765	11545	139181
766	11560	139168
767	11575	139144
768	11589	139116
769	11603	139091
770	11617	139065
771	11631	139034
772	11645	139008
773	11659	138984
774	11674	138969
775	11690	138959
776	11704	138931
777	11718	138903
778	11732	138880
779	11746	138852
780	11761	138839
781	11776	138812
782	11789	138780
783	11803	138749
784	11817	138720
785	11830	138688
786	11844	138660
787	11859	138639
788	11873	138610
789	11886	138578
790	11900	138552
791	11915	138537
792	11931	138527
793	11945	138503
794	11959	138476
795	11973	138446
796	11988	138436
797	12003	138412
798	12016	138382
799	12031	138359
800	12044	138328
801	12059	138309
802	12073	138283
803	12087	138258
804	12101	138230
805	12115	138200
806	12129	138179
807	12143	138145
808	12157	138118
809	12171	138096
810	12186	138076
811	12200	138047
812	12213	138017
813	12228	137996
814	12242	137973
815	12256	137940
816	12269	137912
817	12283	137882
818	12298	137865
819	12312	137838
820	12326	137813
821	12340	137787
822	12355	137772
823	12369	137750
824	12384	137726
825	12398	137705
826	12413	137684
827	12426	137657
828	12440	137629
829	12454	137598
830	12468	137577
831	12482	137549
832	12496	137525
833	12511	137504
834	12526	137486
835	12539	137458
836	12553	137426
837	12567	137402
838	12582	137390
839	12596	137366
840	12611	137342
841	12625	137317
842	12639	137299
843	12654	137276
844	12667	137248
845	12681	137220
846	12696	137198
847	12710	137178
848	12724	137148
849	12738	137124
850	12751	137094
851	12765	137069
852	12780	137046
853	12794	137025
854	12809	137009
855	12823	136987
856	12839	136976
857	12855	136980
858	12871	136973
859	12887	136967
860	12901	136941
861	12916	136922
862	12930	136900
863	12944	136875
864	12958	136846
865	12973	136835
866	12988	136816
867	13002	136792
868	13016	136771
869	13030	136745
870	13044	136722
871	13058	136699
872	13072	136670
873	13090	136681
874	13104	136660
875	13118	136633
876	13132	136612
877	13147	136593
878	13161	136570
879	13175	136545
880	13189	136518
881	13202	136488
882	13216	136465
883	13230	136437
884	13244	136414
885	13259	136397
886	13273	136373
887	13287	136349
888	13301	136320
889	13315	136293
890	13330	136279
891	13344	136256
892	13358	136230
893	13372	136207
894	13388	136202
895	13401	136173
896	13416	136152
897	13430	136127
898	13444	136103
899	13458	136084
900	13472	136059
901	13486	136036
902	13501	136013
903	13515	135995
904	13529	135966
905	13542	135936
906	13556	135908
907	13570	135885
908	13584	135860
909	13597	135829
910	13611	135802
911	13625	135778
912	13639	135748
913	13653	135726
914	13667	135702
915	13681	135675
916	13695	135654
917	13709	135630
918	13723	135607
919	13737	135582
920	13751	135562
921	13765	135534
922	13779	135515
923	13794	135493
924	13807	135466
925	13822	135444
926	13837	135429
927	13850	135402
928	13864	135379
929	13878	135355
930	13893	135340
931	13907	135315
932	13921	135288
933	13934	135258
934	13948	135233
935	13963	135214
936	13976	135188
937	13990	135165
938	14005	135143
939	14019	135124
940	14033	135098
941	14046	135071
942	14060	135045
943	14075	135032
944	14089	135009
945	14103	134983
946	14118	134971
947	14132	134947
948	14146	134922
949	14160	134898
950	14173	134867
951	14187	134844
952	14202	134824
953	14216	134805
954	14230	134783
955	14245	134763
956	14258	134732
957	14272	134708
958	14286	134687
959	14301	134667
960	14315	134647
961	14330	134632
962	14343	134606
963	14358	134587
964	14372	134562
965	14386	134538
966	14400	134515
967	14414	134491
968	14428	134468
969	14442	134447
970	14456	134425
971	14470	134399
972	14484	134376
973	14498	134352
974	14512	134330
975	14526	134313
976	14541	134293
977	14555	134274
978	14569	134247
979	14582	134223
980	14597	134200
981	14610	134175
982	14624	134150
983	14638	134128
984	14652	134103
985	14666	134085
986	14680	134054
987	14694	134033
988	14708	134009
989	14722	133985
990	14736	133962
991	14749	133938
992	14763	133911
993	14777	133893
994	14791	133866
995	14805	133843
996	14819	133820
997	14833	133795
998	14847	133774
999	14860	133748
1000	14874	133723
1001	14889	133707
1002	14903	133682
1003	14916	133658
1004	14930	133635
1005	14944	133611
1006	14958	133589
1007	14973	133575
1008	14989	133564
1009	15002	133537
1010	15015	133508
1011	15030	133488
1012	15044	133466
1013	15057	133440
1014	15072	133423
1015	15086	133399
1016	15100	133378
1017	15114	133353
1018	15127	133330
1019	15142	133309
1020	15155	133285
1021	15169	133260
1022	15183	133235
1023	15197	133214
1024	15211	133193
1025	15225	133173
1026	15239	133150
1027	15254	133131
1028	15267	133102
1029	15280	133073
1030	15294	133053
1031	15308	133028
1032	15322	133003
1033	15336	132985
1034	15350	132966
1035	15365	132946
1036	15378	132923
1037	15393	132906
1038	15407	132887
1039	15421	132864
1040	15435	132844
1041	15449	132818
1042	15462	132790
1043	15477	132771
1044	15491	132753
1045	15505	132730
1046	15519	132709
1047	15533	132687
1048	15547	132664
1049	15562	132649
1050	15575	132620
1051	15589	132598
1052	15603	132579
1053	15617	132558
1054	15631	132534
1055	15651	132559
1056	15666	132551
1057	15680	132527
1058	15693	132497
1059	15707	132472
1060	15720	132449
1061	15733	132419
1062	15747	132397
1063	15761	132376
1064	15776	132356
1065	15789	132331
1066	15803	132307
1067	15817	132285
1068	15830	132260
1069	15844	132234
1070	15858	132212
1071	15872	132193
1072	15886	132173
1073	15900	132147
1074	15914	132126
1075	15927	132101
1076	15941	132078
1077	15955	132054
1078	15969	132031
1079	15982	132004
1080	15996	131980
1081	16009	131956
1082	16023	131932
1083	16037	131912
1084	16051	131891
1085	16066	131871
1086	16080	131852
1087	16094	131829
1088	16107	131802
1089	16121	131778
1090	16135	131757
1091	16148	131729
1092	16161	131701
1093	16175	131680
1094	16189	131659
1095	16203	131636
1096	16217	131617
1097	16231	131596
1098	16245	131573
1099	16259	131550
1100	16272	131528
1101	16286	131504
1102	16300	131481
1103	16315	131465
1104	16329	131445
1105	16342	131420
1106	16356	131397
1107	16370	131377
1108	16383	131351
1109	16397	131325
1110	16411	131303
1111	16424	131280
1112	16439	131262
1113	16452	131237
1114	16466	131216
1115	16480	131193
1116	16494	131170
1117	16508	131148
1118	16522	131129
1119	16535	131104
1120	16549	131082
1121	16564	131066
1122	16578	131045
1123	16591	131021
1124	16605	131001
1125	16619	130979
1126	16633	130958
1127	16647	130933
1128	16661	130916
1129	16675	130899
1130	16690	130878
1131	16704	130860
1132	16718	130838
1133	16731	130815
1134	16745	130794
1135	16759	130769
1136	16772	130744
1137	16786	130722
1138	16799	130695
1139	16813	130676
1140	16828	130659
1141	16842	130639
1142	16856	130622
1143	16871	130603
1144	16884	130581
1145	16898	130559
1146	16913	130543
1147	16927	130526
1148	16941	130504
1149	16954	130479
1150	16968	130454
1151	16982	130435
1152	16996	130415
1153	17010	130396
1154	17025	130379
1155	17038	130354
1156	17052	130330
1157	17066	130310
1158	17080	130290
1159	17094	130274
1160	17109	130256
1161	17123	130236
1162	17136	130212
1163	17150	130188
1164	17163	130166
1165	17177	130146
1166	17191	130121
1167	17204	130097
1168	17218	130074
1169	17232	130054
1170	17246	130030
1171	17260	130010
1172	17276	130006
1173	17290	129986
1174	17304	129965
1175	17317	129941
1176	17331	129917
1177	17344	129894
1178	17359	129877
1179	17372	129853
1180	17386	129831
1181	17399	129806
1182	17413	129784
1183	17427	129764
1184	17441	129745
1185	17455	129722
1186	17469	129703
1187	17483	129684
1188	17496	129657
1189	17510	129638
1190	17524	129618
1191	17538	129596
1192	17552	129575
1193	17565	129550
1194	17579	129530
1195	17592	129505
1196	17606	129482
1197	17620	129462
1198	17634	129442
1199	17648	129418
1200	17661	129395
1201	17675	129373
1202	17688	129350
1203	17702	129330
1204	17716	129308
1205	17730	129286
1206	17743	129262
1207	17757	129239
1208	17771	129221
1209	17786	129209
1210	17800	129191
1211	17814	129172
1212	17828	129149
1213	17842	129129
1214	17855	129104
1215	17870	129093
1216	17884	129072
1217	17898	129054
1218	17912	129034
1219	17926	129014
1220	17941	128999
1221	17955	128981
1222	17970	128963
1223	17983	128940
1224	17997	128921
1225	18012	128905
1226	18025	128883
1227	18039	128862
1228	18053	128842
1229	18067	128823
1230	18081	128804
1231	18095	128781
1232	18108	128757
1233	18122	128734
1234	18136	128716
1235	18149	128694
1236	18163	128674
1237	18177	128654
1238	18191	128634
1239	18205	128612
1240	18219	128590
1241	18233	128571
1242	18246	128549
1243	18260	128529
1244	18274	128507
1245	18287	128483
1246	18301	128465
1247	18315	128445
1248	18329	128425
1249	18343	128401
1250	18357	128382
1251	18371	128363
1252	18384	128342
1253	18398	128320
1254	18412	128297
1255	18425	128275
1256	18439	128254
1257	18453	128238
1258	18467	128217
1259	18482	128201
1260	18495	128179
1261	18509	128159
1262	18523	128142
1263	18537	128122
1264	18551	128101
1265	18565	128078
1266	18578	128056
1267	18592	128033
1268	18607	128021
1269	18621	128001
1270	18634	127980
1271	18649	127964
1272	18663	127944
1273	18677	127926
1274	18691	127905
1275	18704	127885
1276	18719	127866
1277	18733	127847
1278	18747	127831
1279	18761	127810
1280	18779	127821
1281	18793	127804
1282	18807	127782
1283	18821	127761
1284	18834	127739
1285	18848	127720
1286	18862	127700
1287	18876	127678
1288	18889	127657
1289	18903	127637
1290	18917	127613
1291	18930	127593
1292	18944	127574
1293	18958	127551
1294	18972	127533
1295	18986	127513
1296	19000	127494
1297	19015	127479
1298	19028	127458
1299	19042	127435
1300	19056	127418
1301	19069	127394
1302	19083	127375
1303	19097	127354
1304	19110	127333
1305	19124	127312
1306	19138	127292
1307	19152	127275
1308	19166	127256
1309	19180	127235
1310	19194	127216
1311	19208	127198
1312	19222	127179
1313	19235	127156
1314	19250	127140
1315	19263	127117
1316	19277	127099
1317	19291	127080
1318	19305	127056
1319	19318	127035
1320	19333	127018
1321	19346	126998
1322	19359	126973
1323	19373	126955
1324	19387	126936
1325	19401	126916
1326	19415	126897
1327	19429	126878
1328	19443	126857
1329	19456	126835
1330	19470	126816
1331	19484	126796
1332	19498	126779
1333	19513	126762
1334	19527	126742
1335	19541	126724
1336	19554	126703
1337	19568	126680
1338	19581	126658
1339	19595	126640
1340	19609	126622
1341	19624	126607
1342	19638	126587
1343	19652	126572
1344	19666	126551
1345	19680	126531
1346	19694	126512
1347	19708	126494
1348	19722	126477
1349	19736	126458
1350	19751	126446
1351	19764	126422
1352	19779	126410
1353	19792	126388
1354	19806	126369
1355	19820	126348
1356	19833	126326
1357	19847	126307
1358	19861	126287
1359	19875	126268
1360	19889	126248
1361	19902	126226
1362	19916	126206
1363	19930	126186
1364	19944	126170
1365	19958	126150
1366	19973	126136
1367	19986	126115
1368	20000	126094
1369	20013	126072
1370	20027	126051
1371	20041	126034
1372	20055	126013
1373	20068	125991
1374	20082	125974
1375	20096	125954
1376	20110	125932
1377	20115	125858
1378	20130	125845
1379	20143	125822
1380	20157	125803
1381	20170	125779
1382	20184	125762
1383	20198	125743
1384	20212	125724
1385	20225	125704
1386	20240	125687
1387	20254	125671
1388	20268	125652
1389	20282	125632
1390	20296	125614
1391	20309	125593
1392	20322	125569
1393	20337	125555
1394	20350	125532
1395	20364	125513
1396	20378	125496
1397	20392	125479
1398	20406	125461
1399	20421	125443
1400	20434	125421
1401	20448	125401
1402	20462	125383
1403	20475	125362
1404	20490	125349
1405	20504	125333
1406	20518	125313
1407	20532	125295
1408	20546	125277
1409	20560	125259
1410	20574	125241
1411	20588	125222
1412	20602	125202
1413	20616	125188
1414	20631	125171
1415	20645	125154
1416	20658	125134
1417	20672	125116
1418	20686	125096
1419	20700	125078
1420	20714	125059
1421	20728	125039
1422	20741	125018
1423	20755	124998
1424	20769	124982
1425	20783	124965
1426	20797	124944
1427	20810	124921
1428	20824	124901
1429	20838	124882
1430	20852	124865
1431	20865	124843
1432	20880	124828
1433	20894	124811
1434	20907	124790
1435	20921	124771
1436	20935	124752
1437	20949	124732
1438	20962	124712
1439	20975	124689
1440	20989	124668
1441	21003	124650
1442	21018	124639
1443	21032	124619
1444	21045	124597
1445	21061	124591
1446	21075	124572
1447	21091	124566
1448	21105	124549
1449	21119	124530
1450	21132	124510
1451	21146	124491
1452	21160	124473
1453	21174	124456
1454	21188	124436
1455	21202	124418
1456	21215	124395
1457	21229	124374
1458	21243	124357
1459	21257	124343
1460	21271	124323
1461	21285	124304
1462	21299	124287
1463	21312	124265
1464	21326	124244
1465	21341	124233
1466	21354	124211
1467	21368	124190
1468	21381	124170
1469	21395	124152
1470	21410	124138
1471	21423	124118
1472	21438	124102
1473	21451	124082
1474	21465	124062
1475	21478	124041
1476	21492	124021
1477	21505	124001
1478	21520	123985
1479	21533	123964
1480	21547	123944
1481	21561	123926
1482	21574	123905
1483	21588	123889
1484	21602	123870
1485	21616	123853
1486	21630	123832
1487	21644	123814
1488	21657	123795
1489	21671	123773
1490	21684	123754
1491	21698	123736
1492	21712	123716
1493	21726	123697
1494	21741	123684
1495	21755	123669
1496	21769	123652
1497	21783	123633
1498	21797	123615
1499	21811	123599
1500	21825	123579
1501	21839	123560
1502	21853	123545
1503	21866	123523
1504	21880	123503
1505	21893	123483
1506	21907	123466
1507	21921	123448
1508	21936	123434
1509	21950	123417
1510	21964	123398
1511	21977	123376
1512	21992	123361
1513	22006	123344
1514	22019	123324
1515	22034	123313
1516	22048	123292
1517	22062	123275
1518	22076	123257
1519	22090	123240
1520	22103	123218
1521	22117	123201
1522	22131	123184
1523	22145	123166
1524	22158	123144
1525	22172	123124
1526	22186	123110
1527	22200	123089
1528	22213	123068
1529	22227	123050
1530	22241	123030
1531	22255	123015
1532	22268	122993
1533	22282	122973
1534	22296	122954
1535	22310	122937
1536	22323	122915
1537	22337	122900
1538	22350	122879
1539	22364	122860
1540	22377	122838
1541	22391	122820
1542	22405	122801
1543	22419	122786
1544	22433	122766
1545	22447	122750
1546	22461	122733
1547	22475	122716
1548	22489	122699
1549	22504	122683
1550	22517	122664
1551	22531	122646
1552	22545	122629
1553	22559	122612
1554	22573	122593
1555	22588	122579
1556	22601	122558
1557	22614	122538
1558	22629	122522
1559	22642	122503
1560	22656	122484
1561	22670	122467
1562	22684	122450
1563	22698	122430
1564	22712	122414
1565	22725	122393
1566	22739	122376
1567	22753	122360
1568	22767	122340
1569	22786	122348
1570	22802	122341
1571	22816	122324
1572	22829	122305
1573	22843	122284
1574	22856	122264
1575	22870	122244
1576	22883	122225
1577	22897	122205
1578	22911	122187
1579	22924	122167
1580	22938	122152
1581	22952	122134
1582	22966	122115
1583	22980	122098
1584	22994	122080
1585	23007	122059
1586	23022	122045
1587	23035	122026
1588	23049	122007
1589	23062	121986
1590	23076	121970
1591	23090	121950
1592	23104	121931
1593	23117	121911
1594	23131	121892
1595	23144	121871
1596	23158	121853
1597	23172	121834
1598	23185	121817
1599	23199	121796
1600	23212	121777
1601	23227	121762
1602	23241	121744
1603	23255	121728
1604	23269	121711
1605	23283	121692
1606	23296	121674
1607	23310	121656
1608	23324	121636
1609	23338	121620
1610	23351	121600
1611	23365	121582
1612	23378	121561
1613	23392	121542
1614	23406	121523
1615	23420	121510
1616	23434	121492
1617	23448	121473
1618	23461	121454
1619	23475	121436
1620	23489	121420
1621	23503	121402
1622	23517	121385
1623	23532	121369
1624	23545	121351
1625	23560	121335
1626	23574	121320
1627	23588	121302
1628	23601	121284
1629	23615	121266
1630	23630	121251
1631	23644	121234
1632	23657	121213
1633	23671	121195
1634	23685	121178
1635	23699	121161
1636	23713	121147
1637	23728	121133
1638	23742	121117
1639	23756	121098
1640	23770	121081
1641	23784	121065
1642	23798	121046
1643	23812	121031
1644	23826	121013
1645	23840	120996
1646	23853	120978
1647	23867	120961
1648	23882	120946
1649	23895	120926
1650	23908	120906
1651	23922	120888
1652	23937	120873
1653	23951	120856
1654	23965	120841
1655	23979	120824
1656	23993	120806
1657	24007	120792
1658	24021	120773
1659	24035	120757
1660	24049	120740
1661	24063	120721
1662	24078	120708
1663	24091	120687
1664	24105	120671
1665	24119	120656
1666	24134	120641
1667	24148	120624
1668	24162	120608
1669	24176	120590
1670	24189	120571
1671	24203	120552
1672	24216	120534
1673	24230	120516
1674	24244	120499
1675	24258	120480
1676	24271	120460
1677	24285	120441
1678	24299	120424
1679	24313	120407
1680	24326	120389
1681	24340	120370
1682	24354	120354
1683	24368	120336
1684	24382	120321
1685	24397	120306
1686	24410	120289
1687	24425	120273
1688	24438	120253
1689	24452	120236
1690	24465	120216
1691	24480	120202
1692	24494	120185
1693	24508	120169
1694	24522	120152
1695	24537	120139
1696	24550	120120
1697	24564	120100
1698	24577	120082
1699	24590	120061
1700	24604	120043
1701	24618	120024
1702	24632	120010
1703	24646	119992
1704	24660	119973
1705	24673	119954
1706	24688	119940
1707	24701	119922
1708	24715	119903
1709	24729	119887
1710	24743	119869
1711	24757	119852
1712	24770	119834
1713	24784	119816
1714	24798	119800
1715	24812	119784
1716	24826	119768
1717	24840	119748
1718	24854	119730
1719	24868	119714
1720	24881	119693
1721	24895	119675
1722	24909	119658
1723	24922	119640
1724	24936	119621
1725	24950	119606
1726	24965	119594
